"id_supplier","nama_supplier"
"00-023-7719","Kamba"
"00-131-9278","Skynoodle"
"00-258-2525","Thoughtbeat"
"00-487-2428","Meembee"
"00-635-4638","Eidel"
"00-680-5333","Kamba"
"00-900-0119","Zoonder"
"00-912-3545","Gigabox"
"01-165-8830","Babbleblab"
"01-210-3485","Brightbean"
"01-285-0018","Meezzy"
"01-308-0960","Voolith"
"01-431-7544","Yodoo"
"01-445-8931","Thoughtblab"
"01-495-9336","Bubblemix"
"01-517-7793","Ntags"
"01-665-0053","Zoovu"
"01-801-9502","Vidoo"
"01-853-2191","Bubblemix"
"01-900-4509","Jetpulse"
"02-057-9401","Meevee"
"02-156-7270","Meedoo"
"02-165-5779","Npath"
"02-272-0535","Livetube"
"02-510-0629","Eidel"
"02-530-5932","Edgewire"
"02-575-2074","Yabox"
"02-575-7332","Realblab"
"02-656-3112","Flashdog"
"02-811-7933","Buzzbean"
"02-997-1489","LiveZ"
"03-117-6217","Yakijo"
"03-220-5535","Skivee"
"03-257-4437","Trilia"
"03-615-0558","Reallinks"
"03-882-3517","Kaymbo"
"03-983-0515","Wordpedia"
"04-313-0298","Miboo"
"04-391-7610","Tagfeed"
"04-391-8892","Kanoodle"
"04-456-0715","Abatz"
"04-726-3363","Linklinks"
"04-786-5408","Buzzdog"
"04-854-7165","Digitube"
"04-866-2231","Rhyzio"
"05-050-4384","Babblestorm"
"05-100-7102","Npath"
"05-181-2682","Skidoo"
"05-593-1927","Voonix"
"05-719-6858","Skimia"
"05-727-0033","Quinu"
"05-779-0378","Wordware"
"05-966-6460","Talane"
"06-151-9076","Bluezoom"
"06-159-1957","Skiba"
"06-175-9657","Babblestorm"
"06-286-2758","Kwimbee"
"06-303-4127","Zoombox"
"06-315-0552","Jabbersphere"
"06-569-4690","Feedspan"
"06-708-1412","Skinte"
"06-776-1072","Trilia"
"07-055-5188","Gigashots"
"07-067-3439","Tanoodle"
"07-410-2867","Rooxo"
"07-432-0137","Yadel"
"07-471-0050","Fiveclub"
"07-500-2023","Eimbee"
"07-520-1107","Devshare"
"07-578-7055","Shuffledrive"
"07-754-2313","Topiclounge"
"07-809-0926","Pixonyx"
"07-948-8632","Trunyx"
"07-959-3210","Browseblab"
"07-987-4536","Gigabox"
"08-141-2402","Yotz"
"08-209-1598","Blogspan"
"08-218-9429","Aivee"
"08-312-0872","Buzzshare"
"08-359-2568","Tagpad"
"08-439-3820","Demivee"
"08-490-1714","Skidoo"
"08-523-5066","Jaxspan"
"08-824-4585","Viva"
"08-828-3804","Eire"
"08-912-0895","Meevee"
"09-090-6360","Centizu"
"09-153-0763","Skibox"
"09-387-1119","Mudo"
"09-489-6314","Jabbercube"
"09-902-6272","Shufflebeat"
"10-008-6747","Shuffletag"
"10-038-3988","Edgeify"
"10-060-8515","Skivee"
"10-295-7996","Trudeo"
"10-540-5841","Realpoint"
"10-694-6636","Aivee"
"10-762-7936","Katz"
"10-950-0546","Camimbo"
"11-005-7835","Podcat"
"11-031-9939","Centimia"
"11-096-4003","Trudeo"
"11-098-3982","Wikivu"
"11-146-9880","Quire"
"11-430-6041","Wordpedia"
"11-445-3951","Quinu"
"11-466-3182","Demivee"
"11-742-5033","Blogpad"
"12-140-7809","Quatz"
"12-264-4503","Dynabox"
"12-431-9207","Oyondu"
"12-433-6490","Rhyzio"
"12-566-2563","Twitterwire"
"12-947-4739","Mybuzz"
"12-950-4397","Abatz"
"12-983-3026","Mybuzz"
"13-109-8639","Katz"
"13-179-9553","Babblestorm"
"13-290-8513","Topiclounge"
"13-433-4930","Gigashots"
"13-457-9946","Dabshots"
"13-475-1009","Eayo"
"13-526-1392","Vimbo"
"14-009-8505","Feedfire"
"14-108-0409","Dabtype"
"14-190-2260","Skiptube"
"14-231-9135","Izio"
"14-325-9173","Yozio"
"14-414-1945","Voonder"
"14-427-6604","Leenti"
"14-483-5712","Fliptune"
"14-486-5626","Skyndu"
"14-703-2550","Jaxspan"
"14-713-5795","Youfeed"
"14-724-4622","Tagtune"
"15-062-6342","Topiczoom"
"15-365-5585","Flipbug"
"15-444-8224","Flipopia"
"15-466-5131","Yabox"
"15-550-0171","Vinder"
"15-655-3923","Browsezoom"
"15-739-5480","Tagfeed"
"15-852-0491","Gigazoom"
"15-947-9718","Talane"
"16-019-7101","Centimia"
"16-419-1419","Brainverse"
"16-474-4516","Brightdog"
"16-656-4821","Camido"
"16-776-9987","Gevee"
"16-869-7328","Omba"
"16-933-3355","Ntags"
"17-084-8551","Ozu"
"17-123-1252","Jetwire"
"17-167-4304","Livetube"
"17-239-6309","Mydo"
"17-345-5800","Realblab"
"17-359-2527","Yotz"
"17-494-5505","Dabjam"
"17-546-8875","Meejo"
"17-562-1176","Blogtag"
"17-807-6972","Aibox"
"17-939-1338","Jamia"
"17-963-6051","Abata"
"18-065-8014","Pixonyx"
"18-085-1667","Shuffledrive"
"18-110-8314","Meevee"
"18-260-7354","Realfire"
"18-445-5057","Topicblab"
"18-490-4140","Skaboo"
"18-631-1458","Zooxo"
"18-682-7828","Wordify"
"18-733-2453","Dynava"
"18-743-4684","Browsecat"
"18-880-7910","DabZ"
"19-098-2529","Babblestorm"
"19-156-3869","Camimbo"
"19-264-7608","Jetwire"
"19-418-7213","Camido"
"19-469-9841","Kayveo"
"19-704-4404","Rooxo"
"19-809-5654","Abata"
"19-875-5642","Devpulse"
"19-893-7698","Pixoboo"
"19-978-0708","Oloo"
"19-985-9694","Wikizz"
"20-103-9525","Eare"
"20-201-5639","Zoombox"
"20-257-6927","Avamba"
"20-426-2191","Dabvine"
"20-532-0144","Buzzbean"
"20-608-1290","Photospace"
"20-952-0731","Jaxspan"
"21-156-0102","Viva"
"21-416-3796","Feednation"
"21-450-5520","Digitube"
"21-490-8051","Dynabox"
"21-634-5781","Vipe"
"21-697-8128","Skalith"
"21-792-1000","Oyoyo"
"21-829-0398","Edgewire"
"21-932-5200","Skimia"
"22-050-5775","Jaxworks"
"22-083-3504","Quire"
"22-152-0111","Skippad"
"22-307-4653","Photobug"
"22-506-4911","Oloo"
"22-644-6447","Quamba"
"22-836-5101","Livepath"
"22-867-3079","Avaveo"
"22-940-6543","Vipe"
"22-946-8052","Meevee"
"22-959-6357","Lajo"
"23-052-4744","Devpoint"
"23-109-2205","Tagchat"
"23-178-8962","Jaloo"
"23-197-9965","Shufflester"
"23-274-3305","Lazz"
"23-280-1300","Lazz"
"23-319-2681","Feedmix"
"23-450-0301","Gabspot"
"23-482-0516","Layo"
"23-688-6256","Trupe"
"23-931-2988","Roodel"
"24-087-5935","Browsebug"
"24-281-7685","Katz"
"24-568-9517","Kwimbee"
"24-576-3402","Topicblab"
"24-603-5521","Quinu"
"25-190-3172","Jayo"
"25-414-2945","Snaptags"
"25-706-2146","Roodel"
"25-741-5987","Tagopia"
"25-769-3792","Skaboo"
"25-790-1641","Kwimbee"
"26-061-5253","Trupe"
"26-073-5798","Oyoyo"
"26-080-4944","Pixonyx"
"26-135-6134","Quatz"
"26-213-7885","Photofeed"
"26-222-1156","Skinix"
"26-280-5472","Myworks"
"26-411-9126","Skajo"
"26-438-8349","Jatri"
"26-454-7297","Dabfeed"
"26-593-3478","Eire"
"26-730-0925","Devshare"
"26-796-0872","Avavee"
"26-860-4618","Innotype"
"26-920-6626","Buzzbean"
"27-060-9944","Topicshots"
"27-061-4764","Devpulse"
"27-292-4656","Zava"
"27-406-7972","Topdrive"
"27-493-6787","Photobug"
"27-532-7847","Twitterbeat"
"27-541-2645","Jaxspan"
"27-557-2375","Roombo"
"27-636-1606","Kamba"
"27-772-7906","Gigazoom"
"27-838-4345","Thoughtblab"
"27-970-8649","Mynte"
"27-996-8883","Skippad"
"28-162-7486","Snaptags"
"28-314-1189","Shuffletag"
"28-436-5158","Wikibox"
"28-442-2578","Riffwire"
"28-461-1136","Youopia"
"28-465-9141","Tagopia"
"28-521-7083","Centizu"
"28-575-0716","Chatterbridge"
"28-837-4164","Blogtag"
"28-977-3789","Skidoo"
"29-009-9132","Thoughtblab"
"29-112-1577","Trilia"
"29-122-7037","Kazu"
"29-143-2001","Aibox"
"29-156-0691","Meeveo"
"29-273-1595","Vidoo"
"29-295-9755","Eare"
"29-359-0109","Oozz"
"29-521-7910","Skivee"
"29-542-9338","Rhybox"
"29-567-3732","Skyvu"
"29-689-5014","Mynte"
"29-774-6779","Twitterwire"
"29-821-5359","Babbleopia"
"29-968-4976","Katz"
"29-975-3449","Wikizz"
"30-410-3509","Gigashots"
"30-438-6295","InnoZ"
"30-460-3122","Shuffledrive"
"30-605-2164","Tagcat"
"30-780-7583","Teklist"
"30-820-2883","Voolia"
"30-853-8580","Wikibox"
"30-934-3251","Rhybox"
"30-942-0054","Izio"
"31-163-5871","Yodoo"
"31-199-3683","Brainverse"
"31-281-2352","Riffwire"
"31-483-9201","Tagchat"
"31-524-1628","Jaxnation"
"31-628-6696","Jabbersphere"
"31-676-5646","Skyndu"
"31-892-6816","Kwilith"
"31-955-7362","Yodo"
"32-178-2765","Abatz"
"32-182-1895","Thoughtstorm"
"32-196-4714","Flipopia"
"32-371-1686","Avaveo"
"32-386-9832","Bluejam"
"32-402-9679","Einti"
"32-458-6452","Zava"
"32-497-0478","Omba"
"32-506-0556","Devpulse"
"32-745-8366","Rhynoodle"
"32-771-2617","Latz"
"32-914-1424","Tazz"
"33-141-1402","Gigaclub"
"33-265-4588","Linkbridge"
"33-466-7894","Yotz"
"33-523-9077","Gabspot"
"33-546-5056","Yata"
"33-733-7313","Livetube"
"33-818-4917","Oyondu"
"33-898-6242","Realbridge"
"34-014-5873","Skynoodle"
"34-017-9457","Layo"
"34-158-6684","Eidel"
"34-161-7429","Zoomlounge"
"34-303-5097","Jazzy"
"34-315-1199","Youbridge"
"34-334-6888","Topicstorm"
"34-389-9922","Linklinks"
"34-667-8907","Thoughtbridge"
"34-724-1913","Yodel"
"34-726-5887","Tagopia"
"34-730-9079","Gigazoom"
"34-738-1209","Photobug"
"34-824-0575","Brainverse"
"34-850-0377","Devbug"
"35-000-6015","Aibox"
"35-042-9391","Rhynyx"
"35-370-7603","Aimbu"
"35-462-7569","Devpulse"
"35-835-8848","Oyoloo"
"35-906-1010","Jabbersphere"
"35-927-4986","Photospace"
"35-941-2585","DabZ"
"35-979-6839","Yoveo"
"36-138-9045","Kazio"
"36-451-3173","Topicware"
"36-780-8625","Mydo"
"36-964-9838","Dynabox"
"37-057-3553","Brightbean"
"37-079-2530","Oba"
"37-099-6976","Vinte"
"37-281-2537","Kwideo"
"37-519-7762","Plajo"
"37-567-5710","Fanoodle"
"37-599-8579","BlogXS"
"37-630-2250","Youbridge"
"37-686-1726","Oba"
"37-728-5274","Flipbug"
"37-878-9392","Jetpulse"
"37-902-0286","Lazz"
"37-921-2953","Thoughtworks"
"37-994-7932","Skimia"
"37-996-3243","Trilith"
"38-037-1699","Jaxnation"
"38-200-4863","Twitterlist"
"38-310-4533","Omba"
"38-330-5543","Eimbee"
"38-603-6412","Voolia"
"38-622-5251","Midel"
"38-643-1626","Omba"
"38-790-7081","Skinix"
"38-819-2922","Skynoodle"
"38-883-3382","Mydeo"
"39-055-1703","Zoozzy"
"39-257-6162","Youtags"
"39-284-1614","Eimbee"
"39-299-6093","Jabberstorm"
"39-339-3869","Bubblemix"
"39-412-7454","Geba"
"39-464-7300","Rhycero"
"39-488-0039","Viva"
"39-506-2186","Jaxspan"
"39-521-8484","Thoughtsphere"
"39-676-9308","Tanoodle"
"39-714-7313","Yakidoo"
"40-002-8400","Fliptune"
"40-056-7748","Fivebridge"
"40-070-5881","Topicstorm"
"40-180-0752","Oba"
"40-260-8547","Abata"
"40-417-9838","Vinder"
"40-436-0171","Gevee"
"40-443-3362","Realcube"
"40-515-1141","Kimia"
"40-662-8853","Meembee"
"40-696-4237","Photobug"
"40-773-7065","Skilith"
"40-800-4739","Voolith"
"40-817-2222","Youfeed"
"40-907-4937","Voonder"
"40-914-7156","Katz"
"41-007-0132","Twimm"
"41-083-3955","Skipfire"
"41-399-9203","Reallinks"
"41-587-4864","Skyble"
"41-628-8713","Feedmix"
"41-644-3129","Wordtune"
"41-713-1053","Vinder"
"41-772-6271","Browsezoom"
"41-772-9238","Realmix"
"41-800-2842","Topicshots"
"41-821-0197","Innojam"
"41-825-5869","Eimbee"
"41-867-9911","Youbridge"
"41-881-1166","Rhyloo"
"41-978-3326","Oyonder"
"42-080-6579","Wordtune"
"42-201-4328","Avaveo"
"42-201-4495","Plajo"
"42-210-6541","Gabvine"
"42-224-8186","Oyoloo"
"42-252-5861","Yodo"
"42-254-7371","Divape"
"42-361-6981","Quimm"
"42-380-8881","Edgepulse"
"42-523-1857","Twitterwire"
"42-579-7177","Voonte"
"42-638-2086","Shufflester"
"42-746-2717","Zava"
"42-976-2737","Edgeclub"
"43-035-3382","Kanoodle"
"43-348-2450","Eimbee"
"43-542-6868","Ainyx"
"43-575-2151","Geba"
"43-605-2448","Kamba"
"43-679-7350","Lajo"
"43-786-9229","Bluezoom"
"43-880-2879","Quatz"
"43-977-2343","Avaveo"
"43-979-2253","Dabjam"
"44-199-6832","Jetpulse"
"44-388-2451","Skidoo"
"44-429-6199","Flashset"
"44-451-2764","Katz"
"44-495-6660","Jaxnation"
"44-646-7502","Kare"
"44-760-4337","Jatri"
"45-331-8563","Quaxo"
"45-471-5053","Blogtags"
"45-602-6533","Devpoint"
"45-886-1540","Innojam"
"45-903-0036","Voonyx"
"45-912-2948","Kwilith"
"45-923-7206","Flashset"
"45-997-6429","Thoughtstorm"
"46-041-1131","Photofeed"
"46-171-9624","Livetube"
"46-316-6919","Linktype"
"46-382-2024","Fiveclub"
"46-590-7639","Youopia"
"46-830-4835","Mudo"
"47-026-0505","Vidoo"
"47-183-4911","Mydo"
"47-509-7282","Meevee"
"47-687-2255","Katz"
"47-732-4446","Demizz"
"47-831-9154","Trunyx"
"48-176-1622","Skinix"
"48-450-4126","Yombu"
"48-538-8538","Tagtune"
"48-557-5036","Quatz"
"48-562-3582","Flashspan"
"48-700-8059","Feedfire"
"48-707-5857","Buzzdog"
"48-878-3021","Yamia"
"48-884-5431","Feedbug"
"49-092-2735","Geba"
"49-247-1217","Lazz"
"49-384-4540","Blogpad"
"49-559-7092","Shuffledrive"
"49-590-1752","Quaxo"
"49-591-1019","JumpXS"
"49-608-3851","Thoughtmix"
"49-762-8263","Skibox"
"49-901-0828","Fivespan"
"50-050-5707","Twitterbeat"
"50-214-3802","Meembee"
"50-305-3936","Twitterworks"
"50-314-5433","Brainbox"
"50-378-4320","Chatterpoint"
"50-747-2259","Jaloo"
"50-862-4552","Kimia"
"50-877-0990","Mymm"
"50-918-1373","Twitternation"
"51-010-8144","Buzzster"
"51-014-4287","Gigazoom"
"51-054-1226","Centizu"
"51-054-3811","BlogXS"
"51-076-1164","Ozu"
"51-213-5660","Ainyx"
"51-215-2283","Einti"
"51-519-4588","Tanoodle"
"51-600-6076","Skajo"
"51-666-7174","Skipfire"
"52-012-3409","Skinix"
"52-062-2916","Kanoodle"
"52-130-3457","Agivu"
"52-340-4509","Ainyx"
"52-359-1255","Mycat"
"52-744-6162","Chatterbridge"
"53-243-7800","Yakitri"
"53-247-1844","Centimia"
"53-497-9614","Jaxbean"
"53-584-1853","Tagtune"
"53-718-1768","Devcast"
"53-749-6148","Topdrive"
"53-799-3174","Mybuzz"
"53-844-0478","Kwinu"
"53-998-1422","Kwideo"
"54-031-2945","Vinder"
"54-132-9762","Flipopia"
"54-188-1006","Mydeo"
"54-226-4308","Topicstorm"
"54-470-2479","Feedmix"
"54-529-4459","Oyoba"
"54-537-5633","Meeveo"
"54-659-1177","Twiyo"
"54-711-1582","Oyoloo"
"54-724-8610","Rhyloo"
"54-749-3622","Devbug"
"54-876-4296","Fiveclub"
"54-907-6531","Demivee"
"54-919-9424","Dabtype"
"55-134-2668","Mybuzz"
"55-156-6528","Topicblab"
"55-251-3001","Quamba"
"55-269-1746","Camido"
"55-557-8544","Layo"
"55-773-9118","Ozu"
"55-838-9088","Cogilith"
"55-952-9832","Eidel"
"56-050-1773","Photobean"
"56-092-7992","Zooxo"
"56-110-5754","Photobug"
"56-196-9896","Tagopia"
"56-231-2524","Wordpedia"
"56-422-1480","Jaxworks"
"56-439-3559","Devpoint"
"56-554-1762","Cogibox"
"56-823-5908","Livefish"
"56-825-0880","Vidoo"
"56-965-0404","Brightbean"
"56-969-3705","Feedfish"
"57-133-8386","Skinte"
"57-202-5756","Dazzlesphere"
"57-204-2098","Rhynyx"
"57-323-8059","Browsezoom"
"57-412-5368","Jetpulse"
"57-473-8672","Shuffledrive"
"57-486-8971","Tazz"
"57-544-2465","Yoveo"
"57-569-7172","Blognation"
"57-591-6452","Jabbersphere"
"57-615-0729","Vitz"
"57-633-6273","Vimbo"
"57-774-4116","Tagcat"
"58-053-4926","Kazu"
"58-087-3463","Yodo"
"58-213-1146","Twitterwire"
"58-226-6435","Browsecat"
"58-474-3510","Dazzlesphere"
"58-536-6583","Meevee"
"58-657-7257","Youspan"
"58-827-9061","Youfeed"
"58-945-2944","Vimbo"
"59-570-2020","Brainverse"
"59-595-7531","Roomm"
"59-629-0798","Chatterpoint"
"59-781-3399","Youtags"
"59-849-9942","Photobean"
"59-968-8346","Katz"
"59-979-6740","Brightdog"
"60-003-2919","Livepath"
"60-038-7810","Roomm"
"60-159-3514","Geba"
"60-284-1974","Quatz"
"60-309-5783","Zoovu"
"60-386-5077","Eayo"
"60-394-8955","Cogidoo"
"60-508-7567","Fatz"
"60-959-6355","Zoonder"
"61-040-9004","Voomm"
"61-100-8296","Yambee"
"61-222-8413","Viva"
"61-382-5182","Blogpad"
"61-424-7670","Yabox"
"61-604-8116","BlogXS"
"61-755-4469","Digitube"
"61-793-0279","Demimbu"
"61-796-7912","Kare"
"61-807-0746","Edgetag"
"61-867-3019","Dabtype"
"61-907-0994","Skilith"
"61-912-9541","Realblab"
"61-917-4271","Eadel"
"62-011-9357","Quatz"
"62-029-0827","Fivebridge"
"62-044-8874","Babblestorm"
"62-086-0407","Shufflester"
"62-312-2748","Camido"
"62-599-8388","Twinte"
"62-648-2577","Katz"
"62-687-0951","Oyondu"
"62-766-8232","Riffpedia"
"62-979-5038","Babbleopia"
"63-057-0462","Jazzy"
"63-231-2829","Miboo"
"63-492-7603","Brightbean"
"63-522-2633","Skiptube"
"63-528-0643","Realcube"
"63-683-7396","Livetube"
"63-836-1262","Talane"
"63-924-5144","Omba"
"63-969-9608","Meetz"
"64-070-7611","Bubblebox"
"64-118-1480","Buzzster"
"64-361-4238","Rhycero"
"64-396-5538","Skidoo"
"64-452-2395","Fivebridge"
"64-489-8494","Meevee"
"64-528-9996","Realmix"
"64-584-7898","Zava"
"64-604-1679","Browsetype"
"64-674-3902","Thoughtblab"
"64-752-3122","Divanoodle"
"64-800-4141","BlogXS"
"64-807-5250","Skalith"
"64-831-3071","Rhycero"
"65-068-1200","Gigashots"
"65-160-1426","Ooba"
"65-395-5947","Bubblebox"
"65-403-0311","Feedmix"
"65-611-4749","Devcast"
"65-620-9866","Quatz"
"65-797-3468","Skyndu"
"65-842-6819","Kamba"
"66-174-9633","Linkbridge"
"66-227-1125","Devshare"
"66-317-4895","Jabbertype"
"66-563-9462","Eire"
"66-680-8738","Gigaclub"
"66-684-1941","Wordware"
"66-832-1802","Browsetype"
"66-883-2383","Bubblebox"
"66-973-4855","Yodoo"
"67-024-9832","LiveZ"
"67-137-4215","Wordify"
"67-252-3923","Lajo"
"67-272-8844","Browsetype"
"67-404-3362","Skyndu"
"67-541-7091","Trudoo"
"67-596-1997","Vitz"
"67-662-3444","Mydeo"
"67-674-0287","Camido"
"67-679-4930","Muxo"
"67-771-7656","Photospace"
"67-922-3399","Feedbug"
"68-200-8955","Mynte"
"68-230-9130","Vinder"
"68-415-1025","Yambee"
"68-482-4786","Realpoint"
"68-493-0378","Innojam"
"68-596-5506","Tagpad"
"68-609-1972","Vinder"
"68-836-0350","Skyble"
"68-885-5553","Zoovu"
"69-087-6645","Linktype"
"69-112-6969","Skajo"
"69-289-8783","Wikibox"
"69-378-2045","Brainlounge"
"69-415-3675","Thoughtbeat"
"69-416-9493","Katz"
"69-460-9770","InnoZ"
"69-472-4067","Meedoo"
"69-666-2257","Skidoo"
"69-832-7009","Meevee"
"69-861-0313","Voomm"
"69-928-4929","Bubblemix"
"69-933-2582","Realpoint"
"70-064-6828","Tanoodle"
"70-212-0990","Gigaclub"
"70-402-4816","Kwilith"
"70-444-9176","Yombu"
"70-453-8646","Demimbu"
"70-463-6597","Fadeo"
"70-515-9048","Voonyx"
"70-591-9841","Livepath"
"70-825-7341","Chatterpoint"
"70-901-6191","Babblestorm"
"71-092-6845","Shuffledrive"
"71-300-8176","Topicblab"
"71-467-4910","Babbleset"
"71-676-6562","Roombo"
"71-727-8611","Ntag"
"71-991-5737","Izio"
"72-002-3904","Photobug"
"72-013-2438","Eidel"
"72-024-1595","Quinu"
"72-306-8602","Kwinu"
"72-360-6358","Centimia"
"72-509-7548","Dabjam"
"72-514-7323","Cogilith"
"72-649-3163","Thoughtstorm"
"72-784-3292","Skimia"
"72-931-9828","Brainsphere"
"73-069-2753","Skipstorm"
"73-201-2803","Feedfish"
"73-210-4267","Skimia"
"73-383-4390","Feedmix"
"73-393-9432","Jabbercube"
"73-445-3017","Jazzy"
"73-625-5112","Yadel"
"73-717-0190","Vinder"
"73-744-7022","Thoughtstorm"
"73-830-9633","Blognation"
"74-032-7560","Wikido"
"74-062-7176","Dynazzy"
"74-119-5491","Feedfire"
"74-119-8973","Centimia"
"74-357-2990","Twitternation"
"74-619-4608","Roomm"
"74-726-0855","Shufflebeat"
"74-729-7466","Skipfire"
"74-943-4552","Demivee"
"75-190-3627","Voomm"
"75-256-5638","Tavu"
"75-286-4153","Ntag"
"75-328-1709","Pixope"
"75-365-7696","Talane"
"75-369-5047","Rhyzio"
"75-406-6250","Wikizz"
"75-448-1356","Wikido"
"75-465-6257","Feedspan"
"75-503-9347","Gigazoom"
"75-536-2986","Eabox"
"75-553-7424","Youspan"
"75-793-8978","Plajo"
"75-849-4524","Yata"
"75-867-3635","Realcube"
"75-906-1086","Demizz"
"75-985-6744","Youbridge"
"76-641-2070","Flashspan"
"76-671-7104","Linklinks"
"76-712-0418","Photobug"
"76-797-9430","Twitterbridge"
"76-870-2139","Jayo"
"77-175-2969","Zoonoodle"
"77-471-0792","Tekfly"
"77-566-9826","Browsecat"
"77-783-4107","Dazzlesphere"
"77-842-0920","Quire"
"78-024-3286","Kanoodle"
"78-092-4768","Pixonyx"
"78-098-4468","Avaveo"
"78-203-1075","Dynazzy"
"78-283-9751","Demivee"
"78-379-0369","Gigashots"
"78-381-5054","Zooveo"
"78-459-1417","Gevee"
"78-629-7560","Meevee"
"78-644-5877","Demimbu"
"78-726-6352","Youfeed"
"78-787-7171","Quinu"
"78-877-1866","Skyble"
"78-888-6073","Chatterbridge"
"78-954-5649","Tambee"
"79-086-1717","Janyx"
"79-091-7381","Katz"
"79-219-8469","Einti"
"79-366-7207","Zoombeat"
"79-508-5241","Avamba"
"79-518-8344","Linktype"
"79-575-9351","Flashspan"
"79-656-1990","Yodo"
"79-704-1471","Avamm"
"79-915-4185","Brainverse"
"79-955-6260","Tagpad"
"80-068-0825","Devcast"
"80-328-4990","Dazzlesphere"
"80-462-5807","Gabspot"
"80-567-5598","Skipfire"
"80-622-6587","Tagcat"
"80-833-3051","Yakitri"
"80-848-7493","Zazio"
"80-863-1186","Riffwire"
"81-072-8266","Quaxo"
"81-233-6894","Babblestorm"
"81-234-0741","Jabberstorm"
"81-276-8218","Jaxworks"
"81-292-4650","Voolith"
"81-588-5701","Thoughtmix"
"81-676-3345","Gabvine"
"81-694-0300","Topicware"
"81-927-7236","Yakitri"
"81-999-7392","Thoughtbeat"
"82-157-4299","Jabbersphere"
"82-235-9317","Meeveo"
"82-266-1796","Skyba"
"82-313-4469","Skibox"
"82-470-7146","Mybuzz"
"82-482-3670","Gigabox"
"82-525-7224","Skipstorm"
"82-527-9395","Meejo"
"82-552-6786","Shufflester"
"82-737-6019","Devshare"
"82-930-7733","Miboo"
"82-995-0739","BlogXS"
"83-076-5024","Photobean"
"83-104-8425","Voomm"
"83-172-5527","Skaboo"
"83-361-7509","Devpoint"
"83-401-2709","Youbridge"
"83-780-4531","Fivebridge"
"83-936-5065","Photolist"
"83-941-9620","Rooxo"
"83-960-5274","Yadel"
"84-047-0017","Devshare"
"84-090-6472","Yodo"
"84-123-7159","Tazz"
"84-472-8001","Eimbee"
"84-498-3849","Vinte"
"84-504-7617","Youfeed"
"84-835-1656","Linklinks"
"84-869-9980","Zazio"
"84-923-5086","Tavu"
"84-941-3034","Mybuzz"
"84-949-8378","Twitterwire"
"85-211-5357","Izio"
"85-272-3969","Quatz"
"85-454-9252","Gevee"
"85-473-1534","Topdrive"
"85-532-0172","Roombo"
"85-594-2570","Topdrive"
"85-670-6379","Tanoodle"
"85-823-7428","Skimia"
"85-932-1011","Feedbug"
"85-978-7855","Devbug"
"86-079-1525","Oyondu"
"86-173-6891","Avamm"
"86-184-4829","Geba"
"86-292-4587","Dabjam"
"86-400-4155","Centidel"
"86-441-7850","Skalith"
"86-487-3354","Centidel"
"86-709-5618","Rhynoodle"
"86-760-5412","Linklinks"
"86-841-4440","Yamia"
"86-841-6074","Skyba"
"86-879-7811","Zoomzone"
"86-995-7254","Devpulse"
"87-032-6971","Kanoodle"
"87-159-6467","Voolith"
"87-201-6047","Quinu"
"87-546-9674","Dynabox"
"87-570-0273","Blognation"
"87-839-6400","Jabbertype"
"87-840-7803","Jayo"
"87-893-6089","Twitterwire"
"88-020-6814","Centizu"
"88-108-3774","Gigashots"
"88-418-3855","Jatri"
"88-428-6227","Photobean"
"88-615-2915","Flashspan"
"88-647-5082","Quatz"
"88-663-3393","Photojam"
"89-048-3542","Chatterbridge"
"89-134-9717","Ozu"
"89-155-3471","Midel"
"89-159-0852","Eazzy"
"89-226-5813","Eimbee"
"89-439-6947","Avavee"
"89-468-2696","Topiclounge"
"89-574-3430","Kayveo"
"89-843-0880","Meemm"
"89-959-2254","Flipopia"
"89-976-4338","Zoombox"
"89-992-6472","Twimm"
"90-175-7764","Bubblebox"
"90-177-6733","Rhyloo"
"90-378-8463","Twitterbeat"
"90-445-1753","Yombu"
"90-447-5123","Trunyx"
"90-453-4096","Realmix"
"90-534-2165","Flipbug"
"90-554-0576","Kayveo"
"90-718-2724","Youspan"
"90-727-4816","Skyndu"
"90-940-9550","Eabox"
"90-998-1236","Vimbo"
"91-002-3027","Flipopia"
"91-030-6609","Fivebridge"
"91-127-7174","Dabshots"
"91-191-2324","Thoughtbeat"
"91-215-9838","Bluezoom"
"91-216-7668","Cogilith"
"91-417-6283","Shuffletag"
"91-451-2016","Ooba"
"91-492-8216","Midel"
"91-589-9007","Devshare"
"91-632-7343","Layo"
"91-788-3177","Feedfire"
"91-859-1733","Feedfish"
"92-296-1266","Thoughtsphere"
"92-830-6986","Topicstorm"
"92-991-6167","Meeveo"
"93-180-4005","Flipopia"
"93-358-1118","Yakijo"
"93-619-6639","Quamba"
"93-625-4768","Latz"
"93-688-1260","Realblab"
"93-699-8001","Skalith"
"93-712-3934","Flipbug"
"93-719-9817","Feedfire"
"93-793-4398","Twitterwire"
"93-877-9384","Gabcube"
"93-900-1170","Kwideo"
"94-006-6480","Dynava"
"94-145-9423","Janyx"
"94-157-1762","Devpulse"
"94-186-9620","Cogibox"
"94-217-4781","Flipbug"
"94-261-1193","Browseblab"
"94-453-3755","Blogspan"
"94-903-2643","Devcast"
"94-958-6101","Twitterbeat"
"95-148-9287","Skibox"
"95-200-1972","Jabberstorm"
"95-241-9348","Fivebridge"
"95-484-3134","Yoveo"
"95-609-1485","Zoonder"
"95-715-6047","Dabtype"
"95-721-9228","Brightbean"
"95-734-4024","Meevee"
"95-778-2888","Quinu"
"95-878-1614","Buzzshare"
"95-889-8592","Mydeo"
"95-944-5323","Browsetype"
"96-001-5429","Jaxspan"
"96-012-3393","Eamia"
"96-177-4040","Kayveo"
"96-215-2767","Lajo"
"96-353-3049","Oozz"
"96-393-1428","Jabbersphere"
"96-405-4286","Aivee"
"96-551-3929","Devbug"
"96-609-6152","Thoughtblab"
"96-786-0667","Edgewire"
"96-918-7047","Topicshots"
"97-055-2756","Janyx"
"97-143-0641","Yozio"
"97-150-9199","Skynoodle"
"97-155-1262","Katz"
"97-325-5889","Twitterbridge"
"97-571-0561","Bubblemix"
"97-821-7402","Buzzshare"
"97-994-0773","Zoovu"
"98-107-0604","Wikido"
"98-155-9583","Buzzshare"
"98-304-8407","Rhyloo"
"98-558-5813","Eadel"
"98-587-7923","Bluejam"
"98-591-1051","Vitz"
"98-677-4279","Yamia"
"98-791-5014","Voonder"
"98-940-7545","Skipfire"
"99-034-7010","Yata"
"99-145-4924","Jayo"
"99-178-0951","Meemm"
"99-455-0707","Mudo"
"99-553-6838","Skipfire"
"99-570-8162","Browsedrive"
"99-680-2351","Innojam"
"99-784-4391","Voolia"
"99-864-0256","Rhyloo"
